{"cameraMode":{"drawMode":0,"name":"Shaded","section":"Shading Mode"},"sceneLighting":true,"audioPlay":false,"sceneViewState":{"showFog":true,"showMaterialUpdate":false,"showSkybox":true,"showFlares":true,"showImageEffects":true,"showParticleSystems":true,"showVisualEffectGraphs":true,"m_FxEnabled":true},"in2DMode":false,"pivot":{"x":-1.3364166021347047,"y":-0.3746653199195862,"z":0.18647386133670808},"rotation":{"x":-0.3660101890563965,"y":0.0507725365459919,"z":-0.020004278048872949,"w":-0.9289970993995667},"size":2.7263174057006838,"orthographic":false}